{
  "title":"8A: Logic Programming, Part 1",
  "description": "",
  "file": null,
  "learning_resource_types": ["Lecture Videos"],
  "resource_type": "Video",
  "file_type": null,
  "youtube_key":  "rCqMiPk1BJE",
  "captions_file": "/courses/6-001-structure-and-interpretation-of-computer-programs-spring-2005/ee8839affb045a6d873864920741d944_rCqMiPk1BJE.vtt",
  "transcript_file": "/courses/6-001-structure-and-interpretation-of-computer-programs-spring-2005/147df578d3f2f520318ee63d2f64a54e_rCqMiPk1BJE.pdf",
  "thumbnail_file": "https://img.youtube.com/vi/rCqMiPk1BJE/default.jpg",
  "archive_url": "http://www.archive.org/download/MIT_Structure_of_Computer_Programs_1986/lec8a.mp4"}
