{
  "title":"8B: Logic Programming, Part 2",
  "description": "",
  "file": null,
  "learning_resource_types": ["Lecture Videos"],
  "resource_type": "Video",
  "file_type": null,
  "youtube_key":  "GReBwkGFZcs",
  "captions_file": "/courses/6-001-structure-and-interpretation-of-computer-programs-spring-2005/648b8bde9b8753058ef56b6aa8662d31_GReBwkGFZcs.vtt",
  "transcript_file": "/courses/6-001-structure-and-interpretation-of-computer-programs-spring-2005/f4784e2d396f83a7d2a0af9cb8925d3c_GReBwkGFZcs.pdf",
  "thumbnail_file": "https://img.youtube.com/vi/GReBwkGFZcs/default.jpg",
  "archive_url": "http://www.archive.org/download/MIT_Structure_of_Computer_Programs_1986/lec8b.mp4"}
