{
  "title":"9B: Explicit-control Evaluator",
  "description": "",
  "file": null,
  "learning_resource_types": ["Lecture Videos"],
  "resource_type": "Video",
  "file_type": null,
  "youtube_key":  "Z8-qWEEwTCk",
  "captions_file": "/courses/6-001-structure-and-interpretation-of-computer-programs-spring-2005/88dd4c346d375524afe5b129858e8c85_Z8-qWEEwTCk.vtt",
  "transcript_file": "/courses/6-001-structure-and-interpretation-of-computer-programs-spring-2005/72af89dc6655dbce058b68ea42edebf8_Z8-qWEEwTCk.pdf",
  "thumbnail_file": "https://img.youtube.com/vi/Z8-qWEEwTCk/default.jpg",
  "archive_url": "http://www.archive.org/download/MIT_Structure_of_Computer_Programs_1986/lec9b.mp4"}
