{
  "title":"lecture26webhan.pdf",
  "description": "This file explains the following topics:\nAbstraction, data, state and objects, language design and implementation, mysteries of infinity: countability, the Halting theorem, and recursion.",
  "file": "/courses/6-001-structure-and-interpretation-of-computer-programs-spring-2005/1a7a2b65b4f890d46d7cebced9ba85d6_lecture26webhan.pdf",
  "learning_resource_types": ["Lecture Notes"],
  "resource_type": "Document",
  "file_type": "application/pdf"}
