<?xml version="1.0" encoding="utf-8" standalone="yes"?>
<rss version="2.0" xmlns:atom="http://www.w3.org/2005/Atom">
  <channel>
    <title>Recitations on MIT OpenCourseWare</title>
    <link>/resources/recitations/</link>
    <description>Recent content in Recitations on MIT OpenCourseWare</description>
    <generator>Hugo -- gohugo.io</generator>
    <language>en-us</language><atom:link href="/resources/recitations/index.xml" rel="self" type="application/rss+xml" />
    <item>
      <title>Recitations</title>
      <link>/pages/recitations/data.json</link>
      <pubDate>Mon, 01 Jan 0001 00:00:00 +0000</pubDate>
      
      <guid>/pages/recitations/data.json</guid>
      <description>This course is divided into recitation sections of about 30 to 35 students which meet twice per week. The purpose of the recitations is to expand upon course materials covered in lecture and allow students to practice working with the material in an interactive setting. Below is material written by one of the recitation instructors for students enrolled in the course.
6.001 Recitation Notes, Spring 2005, by Recitation Instructor Peter Szolovits This Web page contains notes and program fragments that I have used in presenting some of the 6.</description>
    </item>
    
  </channel>
</rss>
