{
  "title":"6-001s05-th.jpg",
  "description": "New image Upload",
  "file": "/courses/6-001-structure-and-interpretation-of-computer-programs-spring-2005/50fe6c4b2f9a7f1dd52bfe6fb4164854_6-001s05-th.jpg",
  "learning_resource_types": [],
  "resource_type": "Image",
  "file_type": "image/jpeg",
  "image_metadata": {"caption":"Adapted from the cover of the textbook, [_Structure and Interpretation of Computer Programs_](http://mitpress.mit.edu/books/structure-and-interpretation-computer-programs). 2nd ed., by Abelson, Harold, Gerald Jay Sussman, and Julie Sussman. (Image courtesy of MIT Press. Used with permission.)","credit":"","image-alt":"Cover of the textbook, Structure and Interpretation of Computer Programs."}}
