{
  "title":"lecture22webhan.pdf",
  "description": "This file explains referential transparency (a language with referential transparency means that equal expressions can be substituted for one another without changing the value of the expression.)",
  "file": "/courses/6-001-structure-and-interpretation-of-computer-programs-spring-2005/d4d959b3cc2df3f12fe9492adf4421e4_lecture22webhan.pdf",
  "learning_resource_types": ["Lecture Notes"],
  "resource_type": "Document",
  "file_type": "application/pdf"}
