{
  "title":"lecture21webhan.pdf",
  "description": "This file explains the idea of how, by making changes, to eval and apply, can cause the language to behave in a\nvery different fashion. Also how to gain some benefits by making those changes, trading off design issues in the language for performance issues in actually using the language.",
  "file": "/courses/6-001-structure-and-interpretation-of-computer-programs-spring-2005/d6087b7d63f519205f5ff2cff3e63973_lecture21webhan.pdf",
  "learning_resource_types": ["Lecture Notes"],
  "resource_type": "Document",
  "file_type": "application/pdf"}
