{
  "title":"2A: Higher-order Procedures",
  "description": "",
  "file": null,
  "learning_resource_types": ["Lecture Videos"],
  "resource_type": "Video",
  "file_type": null,
  "youtube_key":  "eJeMOEiHv8c",
  "captions_file": "/courses/6-001-structure-and-interpretation-of-computer-programs-spring-2005/50882de36f555880a6805947153ab2aa_eJeMOEiHv8c.vtt",
  "transcript_file": "/courses/6-001-structure-and-interpretation-of-computer-programs-spring-2005/32465b886efeca0f6edafaed2f0586c3_eJeMOEiHv8c.pdf",
  "thumbnail_file": "https://img.youtube.com/vi/eJeMOEiHv8c/default.jpg",
  "archive_url": "http://www.archive.org/download/MIT_Structure_of_Computer_Programs_1986/lec2a.mp4"}
