{
  "title":"4B: Generic Operators",
  "description": "",
  "file": null,
  "learning_resource_types": ["Lecture Videos"],
  "resource_type": "Video",
  "file_type": null,
  "youtube_key":  "OscT4N2qq7o",
  "captions_file": "/courses/6-001-structure-and-interpretation-of-computer-programs-spring-2005/d4ad18f025a4555cbf7a3821239ce2ed_OscT4N2qq7o.vtt",
  "transcript_file": "/courses/6-001-structure-and-interpretation-of-computer-programs-spring-2005/b31a4b69d5162b24879fa9318c2ef884_OscT4N2qq7o.pdf",
  "thumbnail_file": "https://img.youtube.com/vi/OscT4N2qq7o/default.jpg",
  "archive_url": "http://www.archive.org/download/MIT_Structure_of_Computer_Programs_1986/lec4b.mp4"}
