<?xml version="1.0" encoding="utf-8" standalone="yes"?>
<rss version="2.0" xmlns:atom="http://www.w3.org/2005/Atom">
  <channel>
    <title>Tools on MIT OpenCourseWare</title>
    <link>/resources/tools/</link>
    <description>Recent content in Tools on MIT OpenCourseWare</description>
    <generator>Hugo -- gohugo.io</generator>
    <language>en-us</language><atom:link href="/resources/tools/index.xml" rel="self" type="application/rss+xml" />
    <item>
      <title>6.001 Scheme for Windows® Machines</title>
      <link>/pages/tools/windowsinstall/data.json</link>
      <pubDate>Mon, 01 Jan 0001 00:00:00 +0000</pubDate>
      
      <guid>/pages/tools/windowsinstall/data.json</guid>
      <description>Installation on Windows NT®, Windows® 95, Windows® 2000, Windows® XP Warning for Windows® 95 users: In order to be able to print from Edwin you must be sure that your default printer was installed with the &amp;ldquo;Allow printing from DOS&amp;rdquo; option turned on.
Disclaimer: While it may be possible to install Scheme on Windows® 98 or Windows® ME, we do not support these operating systems and can only offer limited help.</description>
    </item>
    
    <item>
      <title>6.001 Scheme Installation for Linux®</title>
      <link>/pages/tools/linuxinstall/data.json</link>
      <pubDate>Mon, 01 Jan 0001 00:00:00 +0000</pubDate>
      
      <guid>/pages/tools/linuxinstall/data.json</guid>
      <description>The 6.001 system has two parts:
One part is the Scheme system itself. There are two executables installed in /usr/local/bin, and several data files installed in /usr/local/lib/mit-scheme. The system requires about 30 Megabytes of disk space. Before downloading the tar file, be sure you have enough free space on /usr/local. If you do not have enough space on /usr/local you can use symbolic links to other parts of the file system &amp;ndash; but you will be on your own to make sure that it all works (the lab TAs may be able to help).</description>
    </item>
    
    <item>
      <title>A Note About DrScheme</title>
      <link>/pages/tools/drscheme/data.json</link>
      <pubDate>Mon, 01 Jan 0001 00:00:00 +0000</pubDate>
      
      <guid>/pages/tools/drscheme/data.json</guid>
      <description>DrScheme is The Rice University Programming Languages Team&amp;rsquo;s graphical user interface to a Scheme system for students. A quick examination of the latest version was encouraging. And DrScheme is free.
DrScheme has some innovative user-interface features not found in MIT Scheme: text is color-coded, for example to highlight (in red) undefined variables; it has a syntax analysis command which, for example, can display arrows from occurrences of variables to their definitions elsewhere in the code; it has several output modes in addition to the standard one, for example an output mode which shows sharing in lists, and another output mode in which values are printed as canonical INPUT expressions - in this mode, for example, the list value which is the result of evaluating (cons 1 (cons (+ 2 3) &amp;lsquo;())) prints out as (list 1 5).</description>
    </item>
    
    <item>
      <title>A Note About EdScheme</title>
      <link>/pages/tools/edscheme/data.json</link>
      <pubDate>Mon, 01 Jan 0001 00:00:00 +0000</pubDate>
      
      <guid>/pages/tools/edscheme/data.json</guid>
      <description>Edscheme has been developed for student use by Schemers, Inc., a small Florida company founded by two high school teachers. It has been used successfully in high schools and colleges for several years. It strives to be much more student-friendly than MIT Scheme: text is color-coded to distinguish Scheme primitives, keywords, user definitions, constants, etc.; there are dynamic reminders (as you type in your program) of expected Scheme syntax and your syntactic errors; there is point-and-click lookup of previously entered procedure definitions; and it has menu control of most features, clear error messages, and convenient online documentation.</description>
    </item>
    
    <item>
      <title>dontpanicnew.pdf</title>
      <link>/resources/dontpanicnew/data.json</link>
      <pubDate>Mon, 01 Jan 0001 00:00:00 +0000</pubDate>
      
      <guid>/resources/dontpanicnew/data.json</guid>
      <description>This file is a revised version of the manual for using Edwin and the MIT Scheme environment, which is a basic orientation to the Scheme programming environment, designed for students taking 6.001.</description>
    </item>
    
    <item>
      <title>Guide to MIT Scheme</title>
      <link>/pages/tools/scheme/data.json</link>
      <pubDate>Mon, 01 Jan 0001 00:00:00 +0000</pubDate>
      
      <guid>/pages/tools/scheme/data.json</guid>
      <description>Supported Options The following systems are supported for 6.001 and 6.090:
Linux® Windows® 95, Windows NT® 4.0, Windows® 2000, and Windows® XP All these implementations (including editor, debugger, etc.) are virtually identical. Feel free to do assignments partially in the 6.001 Lab, where you can work with the Lab Assistants, and partially on your own machine. You can also save your work in progress on a floppy disk or in the MIT server locker, come to the 6.</description>
    </item>
    
    <item>
      <title>Tools</title>
      <link>/pages/tools/data.json</link>
      <pubDate>Mon, 01 Jan 0001 00:00:00 +0000</pubDate>
      
      <guid>/pages/tools/data.json</guid>
      <description>Scheme Documentation Don&amp;rsquo;t Panic: An Introductory Guide to the 6.001 Computer System (PDF)
This is the revised version of the manual for using Edwin and the MIT Scheme environment. This manual is a basic orientation to the Scheme programming environment, designed for students taking 6.001. It is highly recommended that you familiarize yourself with it.
Guide to MIT Scheme
This is the reference manual for MIT Scheme, listing all the commands.</description>
    </item>
    
  </channel>
</rss>
