<?xml version="1.0" encoding="utf-8" standalone="yes"?>
<rss version="2.0" xmlns:atom="http://www.w3.org/2005/Atom">
  <channel>
    <title>Lecture Notes on MIT OpenCourseWare</title>
    <link>/resources/lecture-notes/</link>
    <description>Recent content in Lecture Notes on MIT OpenCourseWare</description>
    <generator>Hugo -- gohugo.io</generator>
    <language>en-us</language><atom:link href="/resources/lecture-notes/index.xml" rel="self" type="application/rss+xml" />
    <item>
      <title>Lecture Notes</title>
      <link>/pages/lecture-notes/data.json</link>
      <pubDate>Mon, 01 Jan 0001 00:00:00 +0000</pubDate>
      
      <guid>/pages/lecture-notes/data.json</guid>
      <description>This section contains the online lectures for the course, which are expected to be read by students in preparation for recitation sessions. Each lecture contains a set of exercises which students must complete by a given date. Please see the calendar for more information on the dates the exercises are due.
Lec # Topics L1 Introduction to Computation (PDF - 2.1 MB) L2 Scheme Basics (PDF - 1.5 MB)
A Story about using Lisp in a Startup Company (PDF)</description>
    </item>
    
    <item>
      <title>lecture10webhan.pdf</title>
      <link>/resources/lecture10webhan/data.json</link>
      <pubDate>Mon, 01 Jan 0001 00:00:00 +0000</pubDate>
      
      <guid>/resources/lecture10webhan/data.json</guid>
      <description>This file contains discussion about the idea of symbols, and combining them with lots of different data structures, to create tagged data structures.</description>
    </item>
    
    <item>
      <title>lecture11webhan.pdf</title>
      <link>/resources/lecture11webhan/data.json</link>
      <pubDate>Mon, 01 Jan 0001 00:00:00 +0000</pubDate>
      
      <guid>/resources/lecture11webhan/data.json</guid>
      <description>This file explains data abstractions, types and aggregate structures to study data abstractions in more depth.</description>
    </item>
    
    <item>
      <title>lecture12webhan.pdf</title>
      <link>/resources/lecture12webhan/data.json</link>
      <pubDate>Mon, 01 Jan 0001 00:00:00 +0000</pubDate>
      
      <guid>/resources/lecture12webhan/data.json</guid>
      <description>This file introduces the idea of mutation which is the idea of changing or altering an existing data structure.</description>
    </item>
    
    <item>
      <title>lecture13webhan.pdf</title>
      <link>/resources/lecture13webhan/data.json</link>
      <pubDate>Mon, 01 Jan 0001 00:00:00 +0000</pubDate>
      
      <guid>/resources/lecture13webhan/data.json</guid>
      <description>This file explains how to build more complex data structures, and how to use inductive reasoning to design procedures to manipulate such structures.</description>
    </item>
    
    <item>
      <title>lecture15webha2.pdf</title>
      <link>/resources/lecture15webha2/data.json</link>
      <pubDate>Mon, 01 Jan 0001 00:00:00 +0000</pubDate>
      
      <guid>/resources/lecture15webha2/data.json</guid>
      <description>This file explains environment model, with an example of an evaluation.</description>
    </item>
    
    <item>
      <title>lecture15webhan.pdf</title>
      <link>/resources/lecture15webhan/data.json</link>
      <pubDate>Mon, 01 Jan 0001 00:00:00 +0000</pubDate>
      
      <guid>/resources/lecture15webhan/data.json</guid>
      <description>This file explains a model, that incorporates the substitution model as a piece of it, but also accounts for state, time, context and mutation.</description>
    </item>
    
    <item>
      <title>lecture16webhan.pdf</title>
      <link>/resources/lecture16webhan/data.json</link>
      <pubDate>Mon, 01 Jan 0001 00:00:00 +0000</pubDate>
      
      <guid>/resources/lecture16webhan/data.json</guid>
      <description>This file explains the concept of object oriented programming.</description>
    </item>
    
    <item>
      <title>lecture17_18web.pdf</title>
      <link>/resources/lecture17_18web/data.json</link>
      <pubDate>Mon, 01 Jan 0001 00:00:00 +0000</pubDate>
      
      <guid>/resources/lecture17_18web/data.json</guid>
      <description>This file explains how to expand object-oriented systems to deal with hierarchies of objects, to leverage the commonality of methods between different kinds of objects.</description>
    </item>
    
    <item>
      <title>lecture17_18web2.pdf</title>
      <link>/resources/lecture17_18web2/data.json</link>
      <pubDate>Mon, 01 Jan 0001 00:00:00 +0000</pubDate>
      
      <guid>/resources/lecture17_18web2/data.json</guid>
      <description>This file explains a few details that are needed to clean up of implementation.</description>
    </item>
    
    <item>
      <title>lecture17_webhan.pdf</title>
      <link>/resources/lecture17_webhan/data.json</link>
      <pubDate>Mon, 01 Jan 0001 00:00:00 +0000</pubDate>
      
      <guid>/resources/lecture17_webhan/data.json</guid>
      <description>This file explains how to expand object-oriented systems to deal with hierarchies of objects, to leverage the commonality of methods between different kinds of objects.</description>
    </item>
    
    <item>
      <title>lecture18_webhan.pdf</title>
      <link>/resources/lecture18_webhan/data.json</link>
      <pubDate>Mon, 01 Jan 0001 00:00:00 +0000</pubDate>
      
      <guid>/resources/lecture18_webhan/data.json</guid>
      <description>This file explains a few details that are needed to clean up of implementation.</description>
    </item>
    
    <item>
      <title>lecture19interco.pdf</title>
      <link>/resources/lecture19interco/data.json</link>
      <pubDate>Mon, 01 Jan 0001 00:00:00 +0000</pubDate>
      
      <guid>/resources/lecture19interco/data.json</guid>
      <description>This file contains the code for the following programs: Arithmetic calculator, names, conditionals and if, store operators in the environment, environment as explicit parameter, defining new procedures, and environment model code.</description>
    </item>
    
    <item>
      <title>lecture19webha2.pdf</title>
      <link>/resources/lecture19webha2/data.json</link>
      <pubDate>Mon, 01 Jan 0001 00:00:00 +0000</pubDate>
      
      <guid>/resources/lecture19webha2/data.json</guid>
      <description>This file explains environment as an explicit parameter.</description>
    </item>
    
    <item>
      <title>lecture19webhan.pdf</title>
      <link>/resources/lecture19webhan/data.json</link>
      <pubDate>Mon, 01 Jan 0001 00:00:00 +0000</pubDate>
      
      <guid>/resources/lecture19webhan/data.json</guid>
      <description>This file explains the need to build an interpreter and then explians how to build it?</description>
    </item>
    
    <item>
      <title>lecture1webhand.pdf</title>
      <link>/resources/lecture1webhand/data.json</link>
      <pubDate>Mon, 01 Jan 0001 00:00:00 +0000</pubDate>
      
      <guid>/resources/lecture1webhand/data.json</guid>
      <description>This file gives brief introduction about the kind of knowledge that computer science makes available to people.</description>
    </item>
    
    <item>
      <title>lecture20evalco.pdf</title>
      <link>/resources/lecture20evalco/data.json</link>
      <pubDate>Mon, 01 Jan 0001 00:00:00 +0000</pubDate>
      
      <guid>/resources/lecture20evalco/data.json</guid>
      <description>This file provides code for the following: The core evaluator, representing expressions, representing procedures, representing environments, primitive procedures and the initial environment, and the read-eval-print loop.</description>
    </item>
    
    <item>
      <title>lecture20webhan.pdf</title>
      <link>/resources/lecture20webhan/data.json</link>
      <pubDate>Mon, 01 Jan 0001 00:00:00 +0000</pubDate>
      
      <guid>/resources/lecture20webhan/data.json</guid>
      <description>This file explains the scheme evaluator, which includes looking at several different parts of the language design and telling how to support the syntax of the language, how to create and manipulate the environments, how primitives are installed into the initial or global environment and how to put together the overall infrastructure for letting a user interact with the evaluator.</description>
    </item>
    
    <item>
      <title>lecture21lazyeva.pdf</title>
      <link>/resources/lecture21lazyeva/data.json</link>
      <pubDate>Mon, 01 Jan 0001 00:00:00 +0000</pubDate>
      
      <guid>/resources/lecture21lazyeva/data.json</guid>
      <description>This file gives code for the following: The core evaluator, representing expressions, representing procedures, representing environments, primitive procedures and the initial environment, the read-eval-print loop, and representing thunks.</description>
    </item>
    
    <item>
      <title>lecture21webha2.pdf</title>
      <link>/resources/lecture21webha2/data.json</link>
      <pubDate>Mon, 01 Jan 0001 00:00:00 +0000</pubDate>
      
      <guid>/resources/lecture21webha2/data.json</guid>
      <description>This file explains how evaluation model allows to explore a very different kind of computational problem.</description>
    </item>
    
    <item>
      <title>lecture21webhan.pdf</title>
      <link>/resources/lecture21webhan/data.json</link>
      <pubDate>Mon, 01 Jan 0001 00:00:00 +0000</pubDate>
      
      <guid>/resources/lecture21webhan/data.json</guid>
      <description>This file explains the idea of how, by making changes, to eval and apply, can cause the language to behave in a very different fashion. Also how to gain some benefits by making those changes, trading off design issues in the language for performance issues in actually using the language.</description>
    </item>
    
    <item>
      <title>lecture22webhan.pdf</title>
      <link>/resources/lecture22webhan/data.json</link>
      <pubDate>Mon, 01 Jan 0001 00:00:00 +0000</pubDate>
      
      <guid>/resources/lecture22webhan/data.json</guid>
      <description>This file explains referential transparency (a language with referential transparency means that equal expressions can be substituted for one another without changing the value of the expression.)</description>
    </item>
    
    <item>
      <title>lecture23webhan.pdf</title>
      <link>/resources/lecture23webhan/data.json</link>
      <pubDate>Mon, 01 Jan 0001 00:00:00 +0000</pubDate>
      
      <guid>/resources/lecture23webhan/data.json</guid>
      <description>This file explains the role of evaluaton in defining a language and how to use evaluaton to design a language?</description>
    </item>
    
    <item>
      <title>lecture26webhan.pdf</title>
      <link>/resources/lecture26webhan/data.json</link>
      <pubDate>Mon, 01 Jan 0001 00:00:00 +0000</pubDate>
      
      <guid>/resources/lecture26webhan/data.json</guid>
      <description>This file explains the following topics: Abstraction, data, state and objects, language design and implementation, mysteries of infinity: countability, the Halting theorem, and recursion.</description>
    </item>
    
    <item>
      <title>lecture2lispstor.pdf</title>
      <link>/resources/lecture2lispstor/data.json</link>
      <pubDate>Mon, 01 Jan 0001 00:00:00 +0000</pubDate>
      
      <guid>/resources/lecture2lispstor/data.json</guid>
      <description>This file is based on a talk given at the Franz Developer Symposium in Cambridge, MA, on March 25, 2001.</description>
    </item>
    
    <item>
      <title>lecture2webhand.pdf</title>
      <link>/resources/lecture2webhand/data.json</link>
      <pubDate>Mon, 01 Jan 0001 00:00:00 +0000</pubDate>
      
      <guid>/resources/lecture2webhand/data.json</guid>
      <description>This file explians how to create procedural abstractions in a language, and how to use those abstractions to describe and capture computational processes.</description>
    </item>
    
    <item>
      <title>lecture3webhand.pdf</title>
      <link>/resources/lecture3webhand/data.json</link>
      <pubDate>Mon, 01 Jan 0001 00:00:00 +0000</pubDate>
      
      <guid>/resources/lecture3webhand/data.json</guid>
      <description>This file explains the substitution model to examine two different approaches to create procedures.</description>
    </item>
    
    <item>
      <title>lecture4webhand.pdf</title>
      <link>/resources/lecture4webhand/data.json</link>
      <pubDate>Mon, 01 Jan 0001 00:00:00 +0000</pubDate>
      
      <guid>/resources/lecture4webhand/data.json</guid>
      <description>This file explains the kinds of procedures which can be built, and how different kinds of process evolution can occur, with different demands in terms of computational resources.</description>
    </item>
    
    <item>
      <title>lecture5webhand.pdf</title>
      <link>/resources/lecture5webhand/data.json</link>
      <pubDate>Mon, 01 Jan 0001 00:00:00 +0000</pubDate>
      
      <guid>/resources/lecture5webhand/data.json</guid>
      <description>This file explains how to build abstractions, namely how to group together pieces of information, or data, into abstract structures.</description>
    </item>
    
    <item>
      <title>lecture6webhand.pdf</title>
      <link>/resources/lecture6webhand/data.json</link>
      <pubDate>Mon, 01 Jan 0001 00:00:00 +0000</pubDate>
      
      <guid>/resources/lecture6webhand/data.json</guid>
      <description>This file explains how to use different types to design procedures with different kinds of behaviors.</description>
    </item>
    
    <item>
      <title>lecture7webhand.pdf</title>
      <link>/resources/lecture7webhand/data.json</link>
      <pubDate>Mon, 01 Jan 0001 00:00:00 +0000</pubDate>
      
      <guid>/resources/lecture7webhand/data.json</guid>
      <description>This file explains briefly the several methodological aspects of creating procedures: designing the components of our code, debugging the code when it doesn&amp;rsquo;t run correctly, writing documentation for the code, and testing the code. Also it highlights some standard practices for each stage, and indicate why these practices lead to efficient and effective generation of code.</description>
    </item>
    
    <item>
      <title>lecture8webhand.pdf</title>
      <link>/resources/lecture8webhand/data.json</link>
      <pubDate>Mon, 01 Jan 0001 00:00:00 +0000</pubDate>
      
      <guid>/resources/lecture8webhand/data.json</guid>
      <description>This file explains how to build a new language using data and procedure abstractions.</description>
    </item>
    
    <item>
      <title>lecture9webhand.pdf</title>
      <link>/resources/lecture9webhand/data.json</link>
      <pubDate>Mon, 01 Jan 0001 00:00:00 +0000</pubDate>
      
      <guid>/resources/lecture9webhand/data.json</guid>
      <description>This file explains how to create a specific data type for symbols, and how the notion of a symbol as a unit to be manipulated will lead to different kinds of procedures.</description>
    </item>
    
  </channel>
</rss>
