{
  "title":"9A: Register Machines",
  "description": "",
  "file": null,
  "learning_resource_types": ["Lecture Videos"],
  "resource_type": "Video",
  "file_type": null,
  "youtube_key":  "cIc8ZBMcqAc",
  "captions_file": "/courses/6-001-structure-and-interpretation-of-computer-programs-spring-2005/08b2ee3663e9553c8bbe112b3191b5ad_cIc8ZBMcqAc.vtt",
  "transcript_file": "/courses/6-001-structure-and-interpretation-of-computer-programs-spring-2005/8b955a3bffbbe00a8aa32576b43695dc_cIc8ZBMcqAc.pdf",
  "thumbnail_file": "https://img.youtube.com/vi/cIc8ZBMcqAc/default.jpg",
  "archive_url": "http://www.archive.org/download/MIT_Structure_of_Computer_Programs_1986/lec9a.mp4"}
