{
  "title":"10A: Compilation",
  "description": "",
  "file": null,
  "learning_resource_types": ["Lecture Videos"],
  "resource_type": "Video",
  "file_type": null,
  "youtube_key":  "TqO6V3qR9Ws",
  "captions_file": "/courses/6-001-structure-and-interpretation-of-computer-programs-spring-2005/fc8319e43d265826abcc0e83ccf10347_TqO6V3qR9Ws.vtt",
  "transcript_file": "/courses/6-001-structure-and-interpretation-of-computer-programs-spring-2005/9dfa296596372438318a4315c5a53a0e_TqO6V3qR9Ws.pdf",
  "thumbnail_file": "https://img.youtube.com/vi/TqO6V3qR9Ws/default.jpg",
  "archive_url": "http://www.archive.org/download/MIT_Structure_of_Computer_Programs_1986/lec10a.mp4"}
