{"01c6ba0c-5d42-6b54-59d6-6340e60eb00f":"/resources/lecture20evalco/data.json","01d2ee2e-4b2e-5c36-88ec-c00c25719920":"/resources/jkgklilly0i-2/data.json","021e9805-3977-f1cb-5f91-ad8ea8db46c0":"/resources/1a/data.json","032c5c9a-f4dd-5a0e-322a-3dff073dfb0c":"/pages/calendar/data.json","03e0268a-995c-2575-b103-9dd867c8068b":"/resources/lecture7webhand/data.json","05058a97-4bbd-5842-933d-f603da28ca78":"/resources/qveoq5k6xi0-2/data.json","05bf7578-ba07-fb50-59f8-71d971a322ba":"/resources/lecture17_18web2/data.json","088abd6a-b74f-c074-cee8-818d4f3dcf27":"/resources/4b-generic-operators/data.json","08b2ee36-63e9-553c-8bbe-112b3191b5ad":"/resources/cic8zbmcqac-2/data.json","0a07bd9b-165a-5f2f-6f87-a84504e54952":"/resources/lecture15webha2/data.json","0abf802e-c53f-d91a-a976-6c2311428220":"/resources/9a-register-machines/data.json","0b41187e-21df-e262-000f-4d3adac855b1":"/resources/aalr3cezpjg-1/data.json","0bee4c66-3359-0d1e-bbee-03b88d622a22":"/resources/1b-procedures-and-processes-substitution-model/data.json","0d9197bb-e8dc-4cc3-6bd4-0a2ce243052f":"/resources/5a-assignment-state-and-side-effects/data.json","0d9fb22c-d6d5-ea4f-087c-82a10d971385":"/resources/writeup/data.json","10c09cc5-2e59-e1e6-6ff2-4f71538214c3":"/resources/q1_sp05_solns/data.json","11baf0a7-82fb-1ef4-a384-c3213648f09b":"/resources/2a-higher-order-procedures/data.json","1239c384-67fc-8018-b19c-808d121bcf5d":"/resources/lecture5webhand/data.json","124c1c68-3236-effa-0fe4-f7d4318ac9b7":"/resources/lecture4webhand/data.json","147df578-d3f2-f520-318e-e63d2f64a54e":"/resources/rcqmipk1bje-1/data.json","14e15fb3-332d-1032-95e8-238a6499c17b":"/resources/lecture23webhan/data.json","159facf3-0a7c-ff40-e986-2a332ab83819":"/resources/7a/data.json","15afe93f-21e9-5ccf-9f95-91681031766d":"/resources/lecture16webhan/data.json","16ee3e36-a574-a5d6-6e45-961725170e73":"/resources/do1aqpbjcpg-1/data.json","17eff226-56a9-c4de-e849-084e694d3e08":"/resources/2a/data.json","182629e3-5d88-6325-280d-bc1bb4b5643c":"/resources/lecture3webhand/data.json","1a7a2b65-b4f8-90d4-6d7c-ebced9ba85d6":"/resources/lecture26webhan/data.json","1b1f38ab-25e0-54a9-1e4a-6b8b89e87cde":"/resources/3a/data.json","1b5204cb-6127-9ce5-3069-b4cf00c9538a":"/resources/lecture13webhan/data.json","1d264c40-a64a-3604-4955-74e9399e9070":"/resources/8b-logic-programming-part-2/data.json","20ace202-64e0-b891-145a-184405f6ef10":"/resources/bv87uzkmrte-1/data.json","22fc2a7a-27b6-0e2f-2241-57aa5c7779e0":"/resources/8a-logic-programming-part-1/data.json","2357c38e-1270-3534-4615-96528a1e0000":"/resources/ejemoeihv8c/data.json","2655e936-78db-5b79-f0ec-b2ec66bfd54b":"/pages/projects/data.json","27bba2ec-5d35-c02e-e8e1-d54af27a948e":"/pages/recitations/data.json","2b3f4b45-2167-4913-02a2-e4dedb19bcbd":"/resources/6b-streams-part-2/data.json","2d2d4d2c-3481-56d5-ab55-c6f49a0f6d9f":"/resources/fxq1swkjdg-2/data.json","2e696658-eac7-e370-193b-21dc108f1ffd":"/resources/grebwkgfzcs/data.json","2fb7874c-262b-3201-6f36-35d8143326ff":"/resources/drfkf-t-6co-1/data.json","32465b88-6efe-ca0f-6eda-faed2f0586c3":"/resources/ejemoeihv8c-1/data.json","337fce99-a019-7528-bf25-137480ca4c5b":"/resources/tqo6v3qr9ws/data.json","33ed6868-9829-e331-091e-c4c4ab7b7619":"/resources/lecture15webhan/data.json","35197d4d-0e27-cfca-e643-a92743f5d438":"/resources/10b/data.json","3c92e5a8-3664-f839-2bbc-765d945469b2":"/pages/readings/data.json","3ff76cf3-a302-fa2c-fde8-aac5357c300b":"/pages/related-resources/data.json","449fc46f-264e-5f94-d215-1e42b5fb7b60":"/resources/qp05atxbop0-1/data.json","453216e5-3b22-2522-1a75-6bf42bfdcd3d":"/resources/pewzl3h2okg-1/data.json","457fc796-dfc5-1f1b-5210-db9fe832dfb4":"/resources/z8-qweewtck/data.json","486a2b9c-05cb-6d3e-e7d6-d06da2fac3d5":"/resources/drfkf-t-6co/data.json","4c647238-df1f-6fe1-7022-a01781300d23":"/resources/abk4bzhuk48/data.json","4d07432c-ecc9-713f-ab93-98f6609f9edf":"/resources/aalr3cezpjg/data.json","4da40a0c-0b80-6603-1d6f-1b93b7fe8588":"/resources/-j_xl4ighja-1/data.json","4deb9a54-f916-9779-0893-87b55bd5135a":"/resources/6a-streams-part-1/data.json","4fcacad2-c299-81dd-668a-6b29822403cc":"/video_galleries/video-lectures/data.json","50882de3-6f55-5880-a680-5947153ab2aa":"/resources/ejemoeihv8c-2/data.json","50fe6c4b-2f9a-7f1d-d52b-fe6fb4164854":"/resources/6-001s05-th/data.json","5715c8df-ec19-f136-5ece-e6f815fb68dd":"/resources/3b/data.json","5931590f-201b-64f1-1ab5-ba19bf210b14":"/resources/1b/data.json","5c18bd89-eb32-0a06-cd11-bba0c2cb49f2":"/resources/lecture11webhan/data.json","5dc6035f-eac9-cfb1-d118-939cba515655":"/resources/lecture19webhan/data.json","604c6040-5af9-eec5-5045-ca0531a538bf":"/resources/project5_eval/data.json","6255b321-7d34-f235-e469-5fb73bd92c1a":"/resources/jkgklilly0i/data.json","62e920d7-681f-04bd-d796-9af9966b67bc":"/resources/qveoq5k6xi0/data.json","648b8bde-9b87-5305-8ef5-6b6aa8662d31":"/resources/grebwkgfzcs-2/data.json","65b792cd-3e45-774e-cf54-ec0897c83076":"/pages/tools/edscheme/data.json","666fbe3e-e558-d5de-9c36-5c404558e46e":"/resources/6b/data.json","67cb1175-77f7-deb8-3b9e-86c9071971fa":"/resources/lecture19interco/data.json","6a12c149-5ef0-810e-6dea-bf42ac68e89d":"/resources/4a/data.json","6ac1de7c-1a68-62da-b099-2e7d2e45a766":"/resources/fxq1swkjdg-1/data.json","6afe095f-9d5a-909d-3043-0338efddb391":"/resources/4b/data.json","6e579b4b-acf6-563c-a368-f84de697ad14":"/resources/do1aqpbjcpg-2/data.json","700dcbfe-bdb0-6b0d-2cff-19c8f8f8e85a":"/resources/project1/data.json","72af89dc-6655-dbce-058b-68ea42edebf8":"/resources/z8-qweewtck-1/data.json","7474a035-4208-c195-ecd2-fc1cfac7b7ae":"/resources/lecture18_webhan/data.json","7651cc87-35de-317d-15a6-1e98f980b9a8":"/pages/lecture-notes/data.json","77109235-1b13-6b40-083a-0f5d147ed2b9":"/resources/qveoq5k6xi0-1/data.json","781eb8a3-e753-c4f0-ce21-0465de303365":"/resources/st05project4/data.json","7a4b999b-7817-5374-c40a-cda63b12fb4f":"/resources/8a/data.json","7d6915e0-1c2e-962c-6b9e-b44b100c72cc":"/pages/syllabus/data.json","86cf45b2-3b29-5d4d-81c0-c86e1953cc10":"/resources/v_7mmwpgjhu-2/data.json","88dd4c34-6d37-5524-afe5-b129858e8c85":"/resources/z8-qweewtck-2/data.json","893408d1-04db-5f9d-96ef-7c90535e68c5":"/resources/abk4bzhuk48-2/data.json","89775783-1f04-f40c-3f68-ee415df41c28":"/pages/tools/data.json","8a995f13-24f6-0c75-f691-41631a7ed5bf":"/resources/lecture12webhan/data.json","8b955a3b-ffbb-e00a-8aa3-2576b43695dc":"/resources/cic8zbmcqac-1/data.json","8eb0ac16-45c6-db97-401f-9bf8272f536b":"/resources/lecture10webhan/data.json","8f35b474-96ec-1a93-e158-ed1fbc8170f1":"/resources/10a/data.json","9005b28d-9207-79e4-b16d-35cc96cb4a1a":"/resources/q2_solns_post/data.json","9025c023-232c-a403-dee7-c4732ae3dcdd":"/resources/project0/data.json","9171ad8f-1506-53fe-9a1d-42a93586459c":"/resources/pewzl3h2okg-2/data.json","91e9104b-c8f5-87ff-e2c9-54b67b18b0cc":"/resources/web/data.json","97837e0b-dc4b-1583-8742-34ff71ef5fec":"/pages/tools/windowsinstall/data.json","9a1da162-d5bd-00ca-7164-680e0b8f261b":"/resources/lecture21webha2/data.json","9dfa2965-9637-2438-318a-4315c5a53a0e":"/resources/tqo6v3qr9ws-1/data.json","9ec3045d-4d32-5e14-8571-157b4e339bba":"/resources/lecture21lazyeva/data.json","a087f737-2af7-b42f-1252-ba55ad781557":"/resources/abk4bzhuk48-1/data.json","a112ff39-f5cd-ee7d-458f-427c1f51ef2b":"/resources/-j_xl4ighja/data.json","a319abbc-f6a2-fe7c-484d-fd8f46d49886":"/resources/9b-explicit-control-evaluator/data.json","a3cab010-7ecd-e1ca-d2a3-79f164070d23":"/resources/9b/data.json","a4354fe2-74e6-f04b-6a6d-da45c813cc28":"/resources/lecture6webhand/data.json","a606f769-a188-57fb-97d0-0bba24432a01":"/resources/qp05atxbop0-2/data.json","a91d5c12-bf7b-ca14-f600-3b13be0727e7":"/resources/1a-overview-and-introduction-to-lisp/data.json","a9cbc064-3942-fd9b-956e-0b9c0e6dd3c9":"/resources/lecture1webhand/data.json","ab2f4abd-def7-300c-0fb7-bde6122bbbe9":"/resources/lecture20webhan/data.json","ac045050-4ad7-79ea-4c30-aa92c459a932":"/resources/dontpanicnew/data.json","ad40b7bc-2fd8-fcd9-5f53-5c77aeeafde3":"/resources/6-001s05/data.json","ae177fa8-9d92-51e6-9271-a53a3d8cdf39":"/resources/bv87uzkmrte-2/data.json","aea06401-a588-58bb-b7f1-d1916dbe7330":"/resources/-j_xl4ighja-2/data.json","aebf7524-5c04-bb42-cd65-756bd9e597c6":"/resources/collab_work/data.json","af067b4f-e724-af6b-aca4-c8800be50711":"/resources/osct4n2qq7o/data.json","b1ffb011-80c3-04b2-1b1e-bcde46d7d7a7":"/resources/2b/data.json","b31a4b69-d516-2b24-879f-a9318c2ef884":"/resources/osct4n2qq7o-1/data.json","b46995d3-1ca3-5528-8e06-77f72f419d79":"/resources/drfkf-t-6co-2/data.json","b59a27ab-361c-c061-b77d-69fb7217a8ab":"/resources/7b/data.json","bab188b1-555a-5ab0-bd49-83b66245efcb":"/resources/aalr3cezpjg-2/data.json","bbcae5e7-3a9c-85e3-b628-ac81afdbb480":"/resources/lecture19webha2/data.json","bc116b5e-fe43-380b-ff59-0f213c63bd6e":"/resources/bv87uzkmrte/data.json","bf01f28c-1018-dcc9-b8ad-eebc178de818":"/resources/lecture17_18web/data.json","c0470b4e-1265-33af-50df-b7ba73eff790":"/pages/tools/linuxinstall/data.json","c21ca024-c0ed-c410-3179-5456d149b93c":"/resources/8b/data.json","c2d4cdea-aa1d-3f48-04e1-507a4d93aa69":"/pages/tools/drscheme/data.json","c4d1f16f-3b0c-b1e7-02de-fba51ba0f9ed":"/resources/v_7mmwpgjhu-1/data.json","c81160a3-4be6-184d-2711-df1a3618bb64":"/resources/lecture17_webhan/data.json","c90ce129-9aa9-9edf-f028-3f60eb2d6786":"/resources/lecture2webhand/data.json","c96306c8-fdfe-da64-7703-0ddf6337c8ef":"/resources/pewzl3h2okg/data.json","c975ee8b-62d0-1f5e-db5e-d01cd99e08d1":"/resources/sicp_fulltext/data.json","cc3be111-3f5e-34cd-6098-e329df57cd84":"/resources/v_7mmwpgjhu/data.json","cdc50880-ca68-b6a5-54a2-48057f1f5fb7":"/resources/9a/data.json","cf5e169a-fef5-0d30-6154-95bfa69e8e77":"/resources/lecture8webhand/data.json","d0ff1dec-2a50-5223-a9ae-e986a082841b":"/resources/yedzrwhi-9e-2/data.json","d12472e8-6a00-c589-f5a6-f115f4081aff":"/resources/yedzrwhi-9e/data.json","d196a566-ea0e-1f1e-a0d8-66431de4560c":"/resources/jkgklilly0i-1/data.json","d2102ce5-5255-210d-3358-02fb34d064dd":"/resources/10a-compilation/data.json","d354c67b-942c-da6f-5dc5-a4bc6b476799":"/resources/3a-henderson-escher-example/data.json","d3c1342e-5db4-aded-b666-73bcbfda3491":"/resources/7b-metacircular-evaluator-part-2/data.json","d4ad18f0-25a4-555c-bf7a-3821239ce2ed":"/resources/osct4n2qq7o-2/data.json","d4d959b3-cc2d-f3f1-2fe9-492adf4421e4":"/resources/lecture22webhan/data.json","d6087b7d-63f5-1920-5f5f-f2cff3e63973":"/resources/lecture21webhan/data.json","d723b950-2584-0a4c-5444-35cc1250dfa0":"/resources/q2_sp05/data.json","d8c9db64-125d-e76d-dda2-a44b49f83b37":"/resources/q1_sp05/data.json","db6c4639-d0f0-726a-0831-3f8ef7c1b992":"/resources/5b-computational-objects/data.json","de38c275-d043-c9a1-35da-a1024edec34b":"/resources/2b-compound-data/data.json","de43479d-33e3-54e7-ec32-84a110b13795":"/resources/10b-storage-allocation-and-garbage-collection/data.json","dfb52946-9bce-b38c-1386-4429ded139d4":"/resources/fxq1swkjdg/data.json","dfd68258-21a8-081a-f7e6-5f7c132ef7f3":"/resources/lecture2lispstor/data.json","e07d63ff-9074-9313-2f5a-71b060bf8b4d":"/pages/tools/scheme/data.json","e2dd7fe7-a875-819f-96a3-3bf59f8a38ba":"/resources/yedzrwhi-9e-1/data.json","e2ee68d6-3621-b5ad-a7ee-948b186b0dad":"/resources/qp05atxbop0/data.json","e32b67c9-6469-5e42-a59d-bc3659985570":"/resources/do1aqpbjcpg/data.json","e621477b-d0a9-ffda-4f1b-c6c1525285ab":"/resources/4a-pattern-matching-and-rule-based-substitution/data.json","e8176832-eae4-617d-77d3-979cd89e36c8":"/resources/lecture9webhand/data.json","eb5c6551-35ce-6747-691c-1c41156f8230":"/resources/cic8zbmcqac/data.json","ee8839af-fb04-5a6d-8738-64920741d944":"/resources/rcqmipk1bje-2/data.json","f4784e2d-396f-83a7-d2a0-af9cb8925d3c":"/resources/grebwkgfzcs-1/data.json","f54a005a-3747-6602-5abf-da10aa471f14":"/resources/rcqmipk1bje/data.json","f5942120-7eb1-7971-a6ac-354694cec84a":"/resources/5b/data.json","f5fa7078-c5a9-c3c1-3182-f049b5c96fbc":"/resources/5a/data.json","f81cd0de-e5bc-b36b-a476-5e1607734ce6":"/resources/project2/data.json","f9f754d1-32ba-c988-a9e8-ca884d0e20a1":"/resources/6a/data.json","fc0495f3-05df-1c59-63fd-acc15968c4aa":"/resources/7a-metacircular-evaluator-part-1/data.json","fc8319e4-3d26-5826-abcc-0e83ccf10347":"/resources/tqo6v3qr9ws-2/data.json","fd9eb5d2-e60b-8a30-9d8a-c8b226f1be64":"/pages/exams/data.json","fdf62f2c-f463-a056-b918-ba7f340743f3":"/resources/3b-symbolic-differentiation-quotation/data.json"}