{
  "course_title":"Structure and Interpretation of Computer Programs",
  "course_description":"This course introduces students to the principles of computation. Upon completion of 6.001, students should be able to explain and apply the basic methods from programming languages to analyze computational systems, and to generate computational solutions to abstract problems. Substantial weekly programming assignments are an integral part of the course. This course is worth 4 Engineering Design Points.\n",
  "course_description_html":"This course introduces students to the principles of computation. Upon completion of 6.001, students should be able to explain and apply the basic methods from programming languages to analyze computational systems, and to generate computational solutions to abstract problems. Substantial weekly programming assignments are an integral part of the course. This course is worth 4 Engineering Design Points.",
  "site_uid":"c6b7f607-91e1-434c-969d-14493b38ce07",
  "legacy_uid":"8a3e30b3-389a-8cce-f725-7fc502043d08","instructors": [{
    "first_name":"Eric",
    "last_name":"Grimson",
    "middle_initial":"",
    "salutation":"Prof.",
    "title":"Prof. Eric Grimson"},{
    "first_name":"Peter",
    "last_name":"Szolovits",
    "middle_initial":"",
    "salutation":"Prof.",
    "title":"Prof. Peter Szolovits"},{
    "first_name":"Trevor",
    "last_name":"Darrell",
    "middle_initial":"",
    "salutation":"Prof.",
    "title":"Prof. Trevor Darrell"}],"department_numbers":["6"],
  "learning_resource_types":["Online Textbook","Exams","Lecture Notes","Projects","Lecture Videos"],
  "topics":[["Engineering","Computer Science"],["Mathematics","Computation"],["Engineering","Computer Science","Theory of Computation"]],
  "primary_course_number":"6.001",
  "extra_course_numbers":"",
  "term":"Spring",
  "year":"2005",
  "level":["Undergraduate"],
  "image_src":"./static_resources/ad40b7bc2fd8fcd95f535c77aeeafde3_6-001s05.jpg",
  "course_image_metadata":{"content_type":"resource","description":"Adapted from the cover of the textbook, Structure and Interpretation of Computer Programs, 2nd ed., by Abelson, Sussman, and Sussman. (Courtesy of MIT Press. Used with permission.)","draft":false,"file":"/courses/6-001-structure-and-interpretation-of-computer-programs-spring-2005/ad40b7bc2fd8fcd95f535c77aeeafde3_6-001s05.jpg","file_size":71924,"file_type":"image/jpeg","image_metadata":{"caption":"Adapted from the cover of the textbook, [_Structure and Interpretation of Computer Programs_](http://mitpress.mit.edu/books/structure-and-interpretation-computer-programs). 2nd ed., by Abelson, Harold, Gerald Jay Sussman, and Julie Sussman. (Image courtesy of MIT Press. Used with permission.)","credit":"","image-alt":"Cover of the textbook, Structure and Interpretation of Computer Programs."},"iscjklanguage":false,"learning_resource_types":[],"license":"https://creativecommons.org/licenses/by-nc-sa/4.0/","ocw_type":"OCWImage","resourcetype":"Image","title":"6-001s05.jpg","uid":"ad40b7bc-2fd8-fcd9-5f53-5c77aeeafde3"}}

