<?xml version="1.0" encoding="utf-8" standalone="yes"?>
<rss version="2.0" xmlns:atom="http://www.w3.org/2005/Atom">
  <channel>
    <title>Lecture Videos on MIT OpenCourseWare</title>
    <link>/resources/lecture-videos/</link>
    <description>Recent content in Lecture Videos on MIT OpenCourseWare</description>
    <generator>Hugo -- gohugo.io</generator>
    <language>en-us</language><atom:link href="/resources/lecture-videos/index.xml" rel="self" type="application/rss+xml" />
    <item>
      <title>10A: Compilation</title>
      <link>/resources/10a-compilation/data.json</link>
      <pubDate>Mon, 01 Jan 0001 00:00:00 +0000</pubDate>
      
      <guid>/resources/10a-compilation/data.json</guid>
      <description>Topics covered: Compilation
Instructors: Hal Abelson and Gerald Jay Sussman
Subtitles for this course are provided through the generous assistance of Henry Baker, Hoofar Pourzand, Heather Wood, Aleksejs Truhans, Steven Edwards, George Menhorn, and Mahendra Kumar.</description>
    </item>
    
    <item>
      <title>10B: Storage Allocation and Garbage Collection</title>
      <link>/resources/10b-storage-allocation-and-garbage-collection/data.json</link>
      <pubDate>Mon, 01 Jan 0001 00:00:00 +0000</pubDate>
      
      <guid>/resources/10b-storage-allocation-and-garbage-collection/data.json</guid>
      <description>Topics covered: Storage Allocation and Garbage Collection
Instructors: Hal Abelson and Gerald Jay Sussman
Subtitles for this course are provided through the generous assistance of Henry Baker, Hoofar Pourzand, Heather Wood, Aleksejs Truhans, Steven Edwards, George Menhorn, and Mahendra Kumar.</description>
    </item>
    
    <item>
      <title>1A: Overview and Introduction to Lisp</title>
      <link>/resources/1a-overview-and-introduction-to-lisp/data.json</link>
      <pubDate>Mon, 01 Jan 0001 00:00:00 +0000</pubDate>
      
      <guid>/resources/1a-overview-and-introduction-to-lisp/data.json</guid>
      <description>Topics covered: Overview and Introduction to Lisp
Instructors: Hal Abelson and Gerald Jay Sussman
Subtitles for this course are provided through the generous assistance of Henry Baker, Hoofar Pourzand, Heather Wood, Aleksejs Truhans, Steven Edwards, George Menhorn, and Mahendra Kumar.</description>
    </item>
    
    <item>
      <title>1B: Procedures and Processes; Substitution Model</title>
      <link>/resources/1b-procedures-and-processes-substitution-model/data.json</link>
      <pubDate>Mon, 01 Jan 0001 00:00:00 +0000</pubDate>
      
      <guid>/resources/1b-procedures-and-processes-substitution-model/data.json</guid>
      <description>Topics covered: Procedures and Processes; Substitution Model
Instructors: Hal Abelson and Gerald Jay Sussman
Subtitles for this course are provided through the generous assistance of Henry Baker, Hoofar Pourzand, Heather Wood, Aleksejs Truhans, Steven Edwards, George Menhorn, and Mahendra Kumar.</description>
    </item>
    
    <item>
      <title>2A: Higher-order Procedures</title>
      <link>/resources/2a-higher-order-procedures/data.json</link>
      <pubDate>Mon, 01 Jan 0001 00:00:00 +0000</pubDate>
      
      <guid>/resources/2a-higher-order-procedures/data.json</guid>
      <description>Topics covered: Higher-order Procedures
Instructors: Hal Abelson and Gerald Jay Sussman
Subtitles for this course are provided through the generous assistance of Henry Baker, Hoofar Pourzand, Heather Wood, Aleksejs Truhans, Steven Edwards, George Menhorn, and Mahendra Kumar.</description>
    </item>
    
    <item>
      <title>2B: Compound Data</title>
      <link>/resources/2b-compound-data/data.json</link>
      <pubDate>Mon, 01 Jan 0001 00:00:00 +0000</pubDate>
      
      <guid>/resources/2b-compound-data/data.json</guid>
      <description>Topics covered: Compound Data
Instructors: Hal Abelson and Gerald Jay Sussman
Subtitles for this course are provided through the generous assistance of Henry Baker, Hoofar Pourzand, Heather Wood, Aleksejs Truhans, Steven Edwards, George Menhorn, and Mahendra Kumar.</description>
    </item>
    
    <item>
      <title>3A: Henderson Escher Example</title>
      <link>/resources/3a-henderson-escher-example/data.json</link>
      <pubDate>Mon, 01 Jan 0001 00:00:00 +0000</pubDate>
      
      <guid>/resources/3a-henderson-escher-example/data.json</guid>
      <description>Topics covered: Henderson Escher Example
Instructors: Hal Abelson and Gerald Jay Sussman
Subtitles for this course are provided through the generous assistance of Henry Baker, Hoofar Pourzand, Heather Wood, Aleksejs Truhans, Steven Edwards, George Menhorn, and Mahendra Kumar.</description>
    </item>
    
    <item>
      <title>3B: Symbolic Differentiation; Quotation</title>
      <link>/resources/3b-symbolic-differentiation-quotation/data.json</link>
      <pubDate>Mon, 01 Jan 0001 00:00:00 +0000</pubDate>
      
      <guid>/resources/3b-symbolic-differentiation-quotation/data.json</guid>
      <description>Topics covered: Symbolic Differentiation; Quotation
Instructors: Hal Abelson and Gerald Jay Sussman
Subtitles for this course are provided through the generous assistance of Henry Baker, Hoofar Pourzand, Heather Wood, Aleksejs Truhans, Steven Edwards, George Menhorn, and Mahendra Kumar.</description>
    </item>
    
    <item>
      <title>4A: Pattern Matching and Rule-based Substitution</title>
      <link>/resources/4a-pattern-matching-and-rule-based-substitution/data.json</link>
      <pubDate>Mon, 01 Jan 0001 00:00:00 +0000</pubDate>
      
      <guid>/resources/4a-pattern-matching-and-rule-based-substitution/data.json</guid>
      <description>Topics covered: Pattern Matching and Rule-based Substitution
Instructors: Hal Abelson and Gerald Jay Sussman
Subtitles for this course are provided through the generous assistance of Henry Baker, Hoofar Pourzand, Heather Wood, Aleksejs Truhans, Steven Edwards, George Menhorn, and Mahendra Kumar.</description>
    </item>
    
    <item>
      <title>4B: Generic Operators</title>
      <link>/resources/4b-generic-operators/data.json</link>
      <pubDate>Mon, 01 Jan 0001 00:00:00 +0000</pubDate>
      
      <guid>/resources/4b-generic-operators/data.json</guid>
      <description>Topics covered: Generic Operators
Instructors: Hal Abelson and Gerald Jay Sussman
Subtitles for this course are provided through the generous assistance of Henry Baker, Hoofar Pourzand, Heather Wood, Aleksejs Truhans, Steven Edwards, George Menhorn, and Mahendra Kumar.</description>
    </item>
    
    <item>
      <title>5A: Assignment, State, and Side-effects</title>
      <link>/resources/5a-assignment-state-and-side-effects/data.json</link>
      <pubDate>Mon, 01 Jan 0001 00:00:00 +0000</pubDate>
      
      <guid>/resources/5a-assignment-state-and-side-effects/data.json</guid>
      <description>Topics covered: Assignment, State, and Side-effects
Instructors: Hal Abelson and Gerald Jay Sussman
Subtitles for this course are provided through the generous assistance of Henry Baker, Hoofar Pourzand, Heather Wood, Aleksejs Truhans, Steven Edwards, George Menhorn, and Mahendra Kumar.</description>
    </item>
    
    <item>
      <title>5B: Computational Objects</title>
      <link>/resources/5b-computational-objects/data.json</link>
      <pubDate>Mon, 01 Jan 0001 00:00:00 +0000</pubDate>
      
      <guid>/resources/5b-computational-objects/data.json</guid>
      <description>Topics covered: Computational Objects
Instructors: Hal Abelson and Gerald Jay Sussman
Subtitles for this course are provided through the generous assistance of Henry Baker, Hoofar Pourzand, Heather Wood, Aleksejs Truhans, Steven Edwards, George Menhorn, and Mahendra Kumar.</description>
    </item>
    
    <item>
      <title>6A: Streams, Part 1</title>
      <link>/resources/6a-streams-part-1/data.json</link>
      <pubDate>Mon, 01 Jan 0001 00:00:00 +0000</pubDate>
      
      <guid>/resources/6a-streams-part-1/data.json</guid>
      <description>Topics covered: Streams, Part 1
Instructors: Hal Abelson and Gerald Jay Sussman
Subtitles for this course are provided through the generous assistance of Henry Baker, Hoofar Pourzand, Heather Wood, Aleksejs Truhans, Steven Edwards, George Menhorn, and Mahendra Kumar.</description>
    </item>
    
    <item>
      <title>6B: Streams, Part 2</title>
      <link>/resources/6b-streams-part-2/data.json</link>
      <pubDate>Mon, 01 Jan 0001 00:00:00 +0000</pubDate>
      
      <guid>/resources/6b-streams-part-2/data.json</guid>
      <description>Topics covered: Streams, Part 2
Instructors: Hal Abelson and Gerald Jay Sussman
Subtitles for this course are provided through the generous assistance of Henry Baker, Hoofar Pourzand, Heather Wood, Aleksejs Truhans, Steven Edwards, George Menhorn, and Mahendra Kumar.</description>
    </item>
    
    <item>
      <title>7A: Metacircular Evaluator, Part 1</title>
      <link>/resources/7a-metacircular-evaluator-part-1/data.json</link>
      <pubDate>Mon, 01 Jan 0001 00:00:00 +0000</pubDate>
      
      <guid>/resources/7a-metacircular-evaluator-part-1/data.json</guid>
      <description>Topics covered: Metacircular Evaluator, Part 1
Instructors: Hal Abelson and Gerald Jay Sussman
Subtitles for this course are provided through the generous assistance of Henry Baker, Hoofar Pourzand, Heather Wood, Aleksejs Truhans, Steven Edwards, George Menhorn, and Mahendra Kumar.</description>
    </item>
    
    <item>
      <title>7B: Metacircular Evaluator, Part 2</title>
      <link>/resources/7b-metacircular-evaluator-part-2/data.json</link>
      <pubDate>Mon, 01 Jan 0001 00:00:00 +0000</pubDate>
      
      <guid>/resources/7b-metacircular-evaluator-part-2/data.json</guid>
      <description>Topics covered: Metacircular Evaluator, Part 2
Instructors: Hal Abelson and Gerald Jay Sussman
Subtitles for this course are provided through the generous assistance of Henry Baker, Hoofar Pourzand, Heather Wood, Aleksejs Truhans, Steven Edwards, George Menhorn, and Mahendra Kumar.</description>
    </item>
    
    <item>
      <title>8A: Logic Programming, Part 1</title>
      <link>/resources/8a-logic-programming-part-1/data.json</link>
      <pubDate>Mon, 01 Jan 0001 00:00:00 +0000</pubDate>
      
      <guid>/resources/8a-logic-programming-part-1/data.json</guid>
      <description>Topics covered: Logic Programming, Part 1
Instructors: Hal Abelson and Gerald Jay Sussman
Subtitles for this course are provided through the generous assistance of Henry Baker, Hoofar Pourzand, Heather Wood, Aleksejs Truhans, Steven Edwards, George Menhorn, and Mahendra Kumar.</description>
    </item>
    
    <item>
      <title>8B: Logic Programming, Part 2</title>
      <link>/resources/8b-logic-programming-part-2/data.json</link>
      <pubDate>Mon, 01 Jan 0001 00:00:00 +0000</pubDate>
      
      <guid>/resources/8b-logic-programming-part-2/data.json</guid>
      <description>Topics covered: Logic Programming, Part 2
Instructors: Hal Abelson and Gerald Jay Sussman
Subtitles for this course are provided through the generous assistance of Henry Baker, Hoofar Pourzand, Heather Wood, Aleksejs Truhans, Steven Edwards, George Menhorn, and Mahendra Kumar.</description>
    </item>
    
    <item>
      <title>9A: Register Machines</title>
      <link>/resources/9a-register-machines/data.json</link>
      <pubDate>Mon, 01 Jan 0001 00:00:00 +0000</pubDate>
      
      <guid>/resources/9a-register-machines/data.json</guid>
      <description>Topics covered: Register Machines
Instructors: Hal Abelson and Gerald Jay Sussman
Subtitles for this course are provided through the generous assistance of Henry Baker, Hoofar Pourzand, Heather Wood, Aleksejs Truhans, Steven Edwards, George Menhorn, and Mahendra Kumar.</description>
    </item>
    
    <item>
      <title>9B: Explicit-control Evaluator</title>
      <link>/resources/9b-explicit-control-evaluator/data.json</link>
      <pubDate>Mon, 01 Jan 0001 00:00:00 +0000</pubDate>
      
      <guid>/resources/9b-explicit-control-evaluator/data.json</guid>
      <description>Topics covered: Explicit-control Evaluator
Instructors: Hal Abelson and Gerald Jay Sussman
Subtitles for this course are provided through the generous assistance of Henry Baker, Hoofar Pourzand, Heather Wood, Aleksejs Truhans, Steven Edwards, George Menhorn, and Mahendra Kumar.</description>
    </item>
    
    <item>
      <title>Video Lectures</title>
      <link>/video_galleries/video-lectures/data.json</link>
      <pubDate>Mon, 01 Jan 0001 00:00:00 +0000</pubDate>
      
      <guid>/video_galleries/video-lectures/data.json</guid>
      <description>These twenty video lectures by Hal Abelson and Gerald Jay Sussman are a complete presentation of the course, given in July 1986 for Hewlett-Packard employees, and professionally produced by Hewlett-Packard Television. These videos are also available here under a Creative Commons license compatible with commercial use.
Note: These lectures follow the first edition (1985) of Structure and Interpretation of Computer Programs. Many of the programs discussed were rewritten for the second edition (1996) of the book, and new material was added.</description>
    </item>
    
  </channel>
</rss>
