<?xml version="1.0" encoding="utf-8" standalone="yes"?>
<rss version="2.0" xmlns:atom="http://www.w3.org/2005/Atom">
  <channel>
    <title>Exams on MIT OpenCourseWare</title>
    <link>/resources/exams/</link>
    <description>Recent content in Exams on MIT OpenCourseWare</description>
    <generator>Hugo -- gohugo.io</generator>
    <language>en-us</language><atom:link href="/resources/exams/index.xml" rel="self" type="application/rss+xml" />
    <item>
      <title>Exams</title>
      <link>/pages/exams/data.json</link>
      <pubDate>Mon, 01 Jan 0001 00:00:00 +0000</pubDate>
      
      <guid>/pages/exams/data.json</guid>
      <description> Exams Solutions Quiz 1 (PDF) (PDF) Quiz 2 (PDF) (PDF) </description>
    </item>
    
    <item>
      <title>q1_sp05_solns.pdf</title>
      <link>/resources/q1_sp05_solns/data.json</link>
      <pubDate>Mon, 01 Jan 0001 00:00:00 +0000</pubDate>
      
      <guid>/resources/q1_sp05_solns/data.json</guid>
      <description>This file contains the sample solutions to problems on procedures, for quiz 1.</description>
    </item>
    
    <item>
      <title>q1_sp05.pdf</title>
      <link>/resources/q1_sp05/data.json</link>
      <pubDate>Mon, 01 Jan 0001 00:00:00 +0000</pubDate>
      
      <guid>/resources/q1_sp05/data.json</guid>
      <description>This file contains 24 problems on high order procedures.</description>
    </item>
    
    <item>
      <title>q2_solns_post.pdf</title>
      <link>/resources/q2_solns_post/data.json</link>
      <pubDate>Mon, 01 Jan 0001 00:00:00 +0000</pubDate>
      
      <guid>/resources/q2_solns_post/data.json</guid>
      <description>This file contains sample solutions to the quiz 2.</description>
    </item>
    
    <item>
      <title>q2_sp05.pdf</title>
      <link>/resources/q2_sp05/data.json</link>
      <pubDate>Mon, 01 Jan 0001 00:00:00 +0000</pubDate>
      
      <guid>/resources/q2_sp05/data.json</guid>
      <description>This file contains 22 problems on the concept of object oriented programming.</description>
    </item>
    
  </channel>
</rss>
