{
  "title":"1A: Overview and Introduction to Lisp",
  "description": "",
  "file": null,
  "learning_resource_types": ["Lecture Videos"],
  "resource_type": "Video",
  "file_type": null,
  "youtube_key":  "-J_xL4IGhJA",
  "captions_file": "/courses/6-001-structure-and-interpretation-of-computer-programs-spring-2005/aea06401a58858bbb7f1d1916dbe7330_-J_xL4IGhJA.vtt",
  "transcript_file": "/courses/6-001-structure-and-interpretation-of-computer-programs-spring-2005/4da40a0c0b8066031d6f1b93b7fe8588_-J_xL4IGhJA.pdf",
  "thumbnail_file": "https://img.youtube.com/vi/-J_xL4IGhJA/default.jpg",
  "archive_url": "http://www.archive.org/download/MIT_Structure_of_Computer_Programs_1986/lec1a.mp4"}
