{
  "title":"lecture20evalco.pdf",
  "description": "This file provides code for the following:\nThe core evaluator, representing expressions, representing procedures, representing environments, primitive procedures and the initial environment, and the read-eval-print loop.",
  "file": "/courses/6-001-structure-and-interpretation-of-computer-programs-spring-2005/01c6ba0c5d426b5459d66340e60eb00f_lecture20evalco.pdf",
  "learning_resource_types": ["Lecture Notes"],
  "resource_type": "Document",
  "file_type": "application/pdf"}
