<?xml version="1.0" encoding="utf-8" standalone="yes"?>
<rss version="2.0" xmlns:atom="http://www.w3.org/2005/Atom">
  <channel>
    <title>Readings on MIT OpenCourseWare</title>
    <link>/resources/readings/</link>
    <description>Recent content in Readings on MIT OpenCourseWare</description>
    <generator>Hugo -- gohugo.io</generator>
    <language>en-us</language><atom:link href="/resources/readings/index.xml" rel="self" type="application/rss+xml" />
    <item>
      <title>Readings</title>
      <link>/pages/readings/data.json</link>
      <pubDate>Mon, 01 Jan 0001 00:00:00 +0000</pubDate>
      
      <guid>/pages/readings/data.json</guid>
      <description>This section provides the assigned readings for the course. All readings are from the course textbook:
Abelson, Harold, Gerald Jay Sussman, and Julie Sussman. Structure and Interpretation of Computer Programs. 2nd ed. Cambridge, MA: MIT Press, 1996. ISBN: 9780262011532.
The book is available online through the MIT Press Web site, and is also available in downloadable form.
MIT Press: Structure and Interpretation of Computer Programs (SICP) main site
Full text of SICP (PDF)</description>
    </item>
    
    <item>
      <title>SICP_fulltext.zip</title>
      <link>/resources/sicp_fulltext/data.json</link>
      <pubDate>Mon, 01 Jan 0001 00:00:00 +0000</pubDate>
      
      <guid>/resources/sicp_fulltext/data.json</guid>
      <description>The ZIP file contains: 212 .gif files, 39 .html files, 2 .jpg files, 1 .css file.</description>
    </item>
    
  </channel>
</rss>
