{
  "title":"1B: Procedures and Processes; Substitution Model",
  "description": "",
  "file": null,
  "learning_resource_types": ["Lecture Videos"],
  "resource_type": "Video",
  "file_type": null,
  "youtube_key":  "V_7mmwpgJHU",
  "captions_file": "/courses/6-001-structure-and-interpretation-of-computer-programs-spring-2005/86cf45b23b295d4d81c0c86e1953cc10_V_7mmwpgJHU.vtt",
  "transcript_file": "/courses/6-001-structure-and-interpretation-of-computer-programs-spring-2005/c4d1f16f3b0cb1e702defba51ba0f9ed_V_7mmwpgJHU.pdf",
  "thumbnail_file": "https://img.youtube.com/vi/V_7mmwpgJHU/default.jpg",
  "archive_url": "http://www.archive.org/download/MIT_Structure_of_Computer_Programs_1986/lec1b.mp4"}
