{
  "title":"10B: Storage Allocation and Garbage Collection",
  "description": "",
  "file": null,
  "learning_resource_types": ["Lecture Videos"],
  "resource_type": "Video",
  "file_type": null,
  "youtube_key":  "AbK4bZhUk48",
  "captions_file": "/courses/6-001-structure-and-interpretation-of-computer-programs-spring-2005/893408d104db5f9d96ef7c90535e68c5_AbK4bZhUk48.vtt",
  "transcript_file": "/courses/6-001-structure-and-interpretation-of-computer-programs-spring-2005/a087f7372af7b42f1252ba55ad781557_AbK4bZhUk48.pdf",
  "thumbnail_file": "https://img.youtube.com/vi/AbK4bZhUk48/default.jpg",
  "archive_url": "http://www.archive.org/download/MIT_Structure_of_Computer_Programs_1986/lec10b.mp4"}
