{
  "title":"6A: Streams, Part 1",
  "description": "",
  "file": null,
  "learning_resource_types": ["Lecture Videos"],
  "resource_type": "Video",
  "file_type": null,
  "youtube_key":  "JkGKLILLy0I",
  "captions_file": "/courses/6-001-structure-and-interpretation-of-computer-programs-spring-2005/01d2ee2e4b2e5c3688ecc00c25719920_JkGKLILLy0I.vtt",
  "transcript_file": "/courses/6-001-structure-and-interpretation-of-computer-programs-spring-2005/d196a566ea0e1f1ea0d866431de4560c_JkGKLILLy0I.pdf",
  "thumbnail_file": "https://img.youtube.com/vi/JkGKLILLy0I/default.jpg",
  "archive_url": "http://www.archive.org/download/MIT_Structure_of_Computer_Programs_1986/lec6a.mp4"}
