{
  "title":"lecture19interco.pdf",
  "description": "This file contains the code for the following programs: Arithmetic calculator, names, conditionals and if, store operators in the environment, environment as explicit parameter, defining new procedures, and environment model code.",
  "file": "/courses/6-001-structure-and-interpretation-of-computer-programs-spring-2005/67cb117577f7deb83b9e86c9071971fa_lecture19interco.pdf",
  "learning_resource_types": ["Lecture Notes"],
  "resource_type": "Document",
  "file_type": "application/pdf"}
