{
  "title":"7A: Metacircular Evaluator, Part 1",
  "description": "",
  "file": null,
  "learning_resource_types": ["Lecture Videos"],
  "resource_type": "Video",
  "file_type": null,
  "youtube_key":  "aAlR3cezPJg",
  "captions_file": "/courses/6-001-structure-and-interpretation-of-computer-programs-spring-2005/bab188b1555a5ab0bd4983b66245efcb_aAlR3cezPJg.vtt",
  "transcript_file": "/courses/6-001-structure-and-interpretation-of-computer-programs-spring-2005/0b41187e21dfe262000f4d3adac855b1_aAlR3cezPJg.pdf",
  "thumbnail_file": "https://img.youtube.com/vi/aAlR3cezPJg/default.jpg",
  "archive_url": "http://www.archive.org/download/MIT_Structure_of_Computer_Programs_1986/lec7a.mp4"}
