{
  "title":"4A: Pattern Matching and Rule-based Substitution",
  "description": "",
  "file": null,
  "learning_resource_types": ["Lecture Videos"],
  "resource_type": "Video",
  "file_type": null,
  "youtube_key":  "_fXQ1SwKjDg",
  "captions_file": "/courses/6-001-structure-and-interpretation-of-computer-programs-spring-2005/2d2d4d2c348156d5ab55c6f49a0f6d9f_fXQ1SwKjDg.vtt",
  "transcript_file": "/courses/6-001-structure-and-interpretation-of-computer-programs-spring-2005/6ac1de7c1a6862dab0992e7d2e45a766_fXQ1SwKjDg.pdf",
  "thumbnail_file": "https://img.youtube.com/vi/_fXQ1SwKjDg/default.jpg",
  "archive_url": "http://www.archive.org/download/MIT_Structure_of_Computer_Programs_1986/lec4a.mp4"}
