{
  "title":"5A: Assignment, State, and Side-effects",
  "description": "",
  "file": null,
  "learning_resource_types": ["Lecture Videos"],
  "resource_type": "Video",
  "file_type": null,
  "youtube_key":  "dO1aqPBJCPg",
  "captions_file": "/courses/6-001-structure-and-interpretation-of-computer-programs-spring-2005/6e579b4bacf6563ca368f84de697ad14_dO1aqPBJCPg.vtt",
  "transcript_file": "/courses/6-001-structure-and-interpretation-of-computer-programs-spring-2005/16ee3e36a574a5d66e45961725170e73_dO1aqPBJCPg.pdf",
  "thumbnail_file": "https://img.youtube.com/vi/dO1aqPBJCPg/default.jpg",
  "archive_url": "http://www.archive.org/download/MIT_Structure_of_Computer_Programs_1986/lec5a.mp4"}
