{
  "title":"7B: Metacircular Evaluator, Part 2",
  "description": "",
  "file": null,
  "learning_resource_types": ["Lecture Videos"],
  "resource_type": "Video",
  "file_type": null,
  "youtube_key":  "QVEOq5k6Xi0",
  "captions_file": "/courses/6-001-structure-and-interpretation-of-computer-programs-spring-2005/05058a974bbd5842933df603da28ca78_QVEOq5k6Xi0.vtt",
  "transcript_file": "/courses/6-001-structure-and-interpretation-of-computer-programs-spring-2005/771092351b136b40083a0f5d147ed2b9_QVEOq5k6Xi0.pdf",
  "thumbnail_file": "https://img.youtube.com/vi/QVEOq5k6Xi0/default.jpg",
  "archive_url": "http://www.archive.org/download/MIT_Structure_of_Computer_Programs_1986/lec7b.mp4"}
