{
  "title":"3A: Henderson Escher Example",
  "description": "",
  "file": null,
  "learning_resource_types": ["Lecture Videos"],
  "resource_type": "Video",
  "file_type": null,
  "youtube_key":  "PEwZL3H2oKg",
  "captions_file": "/courses/6-001-structure-and-interpretation-of-computer-programs-spring-2005/9171ad8f150653fe9a1d42a93586459c_PEwZL3H2oKg.vtt",
  "transcript_file": "/courses/6-001-structure-and-interpretation-of-computer-programs-spring-2005/453216e53b2225221a756bf42bfdcd3d_PEwZL3H2oKg.pdf",
  "thumbnail_file": "https://img.youtube.com/vi/PEwZL3H2oKg/default.jpg",
  "archive_url": "http://www.archive.org/download/MIT_Structure_of_Computer_Programs_1986/lec3a.mp4"}
