{
  "title":"6B: Streams, Part 2",
  "description": "",
  "file": null,
  "learning_resource_types": ["Lecture Videos"],
  "resource_type": "Video",
  "file_type": null,
  "youtube_key":  "qp05AtXbOP0",
  "captions_file": "/courses/6-001-structure-and-interpretation-of-computer-programs-spring-2005/a606f769a18857fb97d00bba24432a01_qp05AtXbOP0.vtt",
  "transcript_file": "/courses/6-001-structure-and-interpretation-of-computer-programs-spring-2005/449fc46f264e5f94d2151e42b5fb7b60_qp05AtXbOP0.pdf",
  "thumbnail_file": "https://img.youtube.com/vi/qp05AtXbOP0/default.jpg",
  "archive_url": "http://www.archive.org/download/MIT_Structure_of_Computer_Programs_1986/lec6b.mp4"}
