{
  "title":"5B: Computational Objects",
  "description": "",
  "file": null,
  "learning_resource_types": ["Lecture Videos"],
  "resource_type": "Video",
  "file_type": null,
  "youtube_key":  "yedzRWhi-9E",
  "captions_file": "/courses/6-001-structure-and-interpretation-of-computer-programs-spring-2005/d0ff1dec2a505223a9aee986a082841b_yedzRWhi-9E.vtt",
  "transcript_file": "/courses/6-001-structure-and-interpretation-of-computer-programs-spring-2005/e2dd7fe7a875819f96a33bf59f8a38ba_yedzRWhi-9E.pdf",
  "thumbnail_file": "https://img.youtube.com/vi/yedzRWhi-9E/default.jpg",
  "archive_url": "http://www.archive.org/download/MIT_Structure_of_Computer_Programs_1986/lec5b.mp4"}
