<?xml version="1.0" encoding="utf-8" standalone="yes"?>
<rss version="2.0" xmlns:atom="http://www.w3.org/2005/Atom">
  <channel>
    <title>Projects on MIT OpenCourseWare</title>
    <link>/resources/projects/</link>
    <description>Recent content in Projects on MIT OpenCourseWare</description>
    <generator>Hugo -- gohugo.io</generator>
    <language>en-us</language><atom:link href="/resources/projects/index.xml" rel="self" type="application/rss+xml" />
    <item>
      <title>collab_work.pdf</title>
      <link>/resources/collab_work/data.json</link>
      <pubDate>Mon, 01 Jan 0001 00:00:00 +0000</pubDate>
      
      <guid>/resources/collab_work/data.json</guid>
      <description>This file contains the general policy adopted for the projects for the course.</description>
    </item>
    
    <item>
      <title>project0.pdf</title>
      <link>/resources/project0/data.json</link>
      <pubDate>Mon, 01 Jan 0001 00:00:00 +0000</pubDate>
      
      <guid>/resources/project0/data.json</guid>
      <description>This file contains guidelines to familiarize the reader with the Scheme programming environment and the resources available.</description>
    </item>
    
    <item>
      <title>project1.pdf</title>
      <link>/resources/project1/data.json</link>
      <pubDate>Mon, 01 Jan 0001 00:00:00 +0000</pubDate>
      
      <guid>/resources/project1/data.json</guid>
      <description>This file contains guidelines to build a project to make students gain experience with writing and testing relatively simple procedures.</description>
    </item>
    
    <item>
      <title>project2.pdf</title>
      <link>/resources/project2/data.json</link>
      <pubDate>Mon, 01 Jan 0001 00:00:00 +0000</pubDate>
      
      <guid>/resources/project2/data.json</guid>
      <description>This file provides the guidelines for the project which focuses on the use of higher order procedures, together with data structures.</description>
    </item>
    
    <item>
      <title>project5_eval.pdf</title>
      <link>/resources/project5_eval/data.json</link>
      <pubDate>Mon, 01 Jan 0001 00:00:00 +0000</pubDate>
      
      <guid>/resources/project5_eval/data.json</guid>
      <description>This file contains guidelines to build a project to familiarize students with evaluators.</description>
    </item>
    
    <item>
      <title>Projects</title>
      <link>/pages/projects/data.json</link>
      <pubDate>Mon, 01 Jan 0001 00:00:00 +0000</pubDate>
      
      <guid>/pages/projects/data.json</guid>
      <description>This course includes several major programming projects. Students use the 6.001 computing facility or a personal computer to complete the projects. Project sources, including project description and related code, are listed below.
FAQ What is the 6.001 policy on collaborative work? (PDF)
How should I write up my projects? (PDF)
Project Sources projects supporting files Project 0 (PDF) Project 1 (PDF) Code to load, basebot.scm (SCM) Project 2 (PDF) Code to load, prisoner.</description>
    </item>
    
    <item>
      <title>st05project4.pdf</title>
      <link>/resources/st05project4/data.json</link>
      <pubDate>Mon, 01 Jan 0001 00:00:00 +0000</pubDate>
      
      <guid>/resources/st05project4/data.json</guid>
      <description>This file contains guidelines to build a powerful strategy for building simulations of possible worlds.</description>
    </item>
    
    <item>
      <title>web.pdf</title>
      <link>/resources/web/data.json</link>
      <pubDate>Mon, 01 Jan 0001 00:00:00 +0000</pubDate>
      
      <guid>/resources/web/data.json</guid>
      <description>This file includes some issues that arise in constructing a a spider or a web agent that crawl over documents in the world wide web. It contains the guidelines to make a project using this information.</description>
    </item>
    
    <item>
      <title>writeup.pdf</title>
      <link>/resources/writeup/data.json</link>
      <pubDate>Mon, 01 Jan 0001 00:00:00 +0000</pubDate>
      
      <guid>/resources/writeup/data.json</guid>
      <description>This file contains the common instructions to write the project.</description>
    </item>
    
  </channel>
</rss>
