{
  "title":"2B: Compound Data",
  "description": "",
  "file": null,
  "learning_resource_types": ["Lecture Videos"],
  "resource_type": "Video",
  "file_type": null,
  "youtube_key":  "DrFkf-T-6Co",
  "captions_file": "/courses/6-001-structure-and-interpretation-of-computer-programs-spring-2005/b46995d31ca355288e0677f72f419d79_DrFkf-T-6Co.vtt",
  "transcript_file": "/courses/6-001-structure-and-interpretation-of-computer-programs-spring-2005/2fb7874c262b32016f3635d8143326ff_DrFkf-T-6Co.pdf",
  "thumbnail_file": "https://img.youtube.com/vi/DrFkf-T-6Co/default.jpg",
  "archive_url": "http://www.archive.org/download/MIT_Structure_of_Computer_Programs_1986/lec2b.mp4"}
