{
  "title":"3B: Symbolic Differentiation; Quotation",
  "description": "",
  "file": null,
  "learning_resource_types": ["Lecture Videos"],
  "resource_type": "Video",
  "file_type": null,
  "youtube_key":  "bV87UzKMRtE",
  "captions_file": "/courses/6-001-structure-and-interpretation-of-computer-programs-spring-2005/ae177fa89d9251e69271a53a3d8cdf39_bV87UzKMRtE.vtt",
  "transcript_file": "/courses/6-001-structure-and-interpretation-of-computer-programs-spring-2005/20ace20264e0b891145a184405f6ef10_bV87UzKMRtE.pdf",
  "thumbnail_file": "https://img.youtube.com/vi/bV87UzKMRtE/default.jpg",
  "archive_url": "http://www.archive.org/download/MIT_Structure_of_Computer_Programs_1986/lec3b.mp4"}
